ResultMeasure/MeasureUnitCode,CharacteristicNames
ug/g,"('Mercury', 5131)","('Polychlorinated biphenyls', 564)","('Aroclor 1254 mixt. with Aroclor 1260', 353)","('Aroclor 1254', 329)","('Arsenic', 315)","(""p,p'-DDE"", 291)","(""p,p'-DDT"", 273)","('Carbon', 264)","('Dieldrin', 260)","(""p,p'-DDD"", 248)"
ng/g,"('Perfluorooctanesulfonate', 684)","('Perfluorodecanoic acid', 351)","('Mercury', 336)","('Perfluoroundecanoate', 192)","(""2,3',4,4',5-Pentachlorobiphenyl"", 158)","('Polychlorinated biphenyls', 138)","(""2,3',4,4',5,5'-Hexachlorobiphenyl"", 135)","('trans-Nonachlor', 134)","('Perfluorolauric acid', 131)","('.alpha.-Chlordene', 129)"
nan,"('Water appearance (text)', 452647)","('Lake physical appearance (choice list)', 449498)","('Lake recreational suitability (choice list)', 447223)","('Orthophosphate', 38497)","('Inorganic nitrogen (nitrate and nitrite)', 35373)","('Hydrogen ion', 30415)","('Ammonia-nitrogen', 17189)","('Pheophytin a', 16201)","('Weather condition (WMO code 4501) (choice list)', 16188)","('pH', 15833)"
None,"('pH', 977369)","('Split Count', 198584)","('Sex (choice list)', 153620)","('Count', 55523)","('Actual Number of Individuals Measured', 22259)","('Micrometer units', 19918)","('Turbidity', 14284)","('Number of individuals', 13527)","('Chlorophyll/Pheophytin ratio', 11591)","('Sodium adsorption ratio [(Na)/(sq root of 1/2 Ca + Mg)]', 4186)"
pg/l,"('.alpha.-Chlordene', 13)","('.alpha.-Hexachlorocyclohexane', 13)","('2,2,4,5,6,7,8,8-Octachloro-2,3,3a,4,7,7a-hexahydro-4,7-methano-1H-indene', 13)","(""2,2',4,4',5-Pentachlorobiphenyl"", 13)","(""2,2',4,5,5'-Pentachlorobiphenyl"", 13)","(""2,2',4,5'-Tetrachlorobiphenyl"", 13)","('Chlorthal-dimethyl', 13)","(""DDT, o,p'- and p,p'- isomers"", 13)","('Heptachlor epoxide', 13)","('Hexachlorobenzene', 13)"
ug/kg,"('Pyrene', 840)","('Fluoranthene', 830)","('Hexachlorobenzene', 810)","('Benzo[a]pyrene', 788)","('Phenanthrene', 787)","(""p,p'-DDE"", 786)","('Benzo(b)fluoranthene', 739)","('Chrysene', 734)","('Benz[a]anthracene', 727)","(""p,p'-DDT"", 710)"
mg/kg,"('Mercury', 3101)","('Iron', 2535)","('Lead', 2367)","('Arsenic', 2264)","('Copper', 2258)","('Zinc', 2249)","('Manganese', 1964)","('Aluminum', 1941)","('Phosphate-phosphorus', 1915)","('Chromium', 1896)"
ug/l,"('Chlorophyll a (probe relative fluorescence)', 370441)","('Chlorophyll a, corrected for pheophytin', 167174)","('Chlorophyll a, uncorrected for pheophytin', 64587)","('Pheophytin a', 48025)","('Chlorophyll a', 34417)","('Phosphorus', 25586)","('Chlorophyll c', 23574)","('Chlorophyll b', 16594)","('Manganese', 7785)","('Iron', 7348)"
%,"('Dissolved oxygen saturation', 394823)","('Transmittance, Horizontal', 263306)","('Cloud cover', 44188)","('Sodium, percent total cations', 4110)","('Lipids', 2717)","('Total solids', 2607)","('Depth', 1853)","('Moisture content', 1609)","('Cloud cover (percent)', 1054)","('Decachlorobiphenyl', 926)"
ppb,"('Chlorophyll a (probe)', 1760)","('Chlorophyll a, corrected for pheophytin', 1641)","('Chlorophyll a, free of pheophytin', 1526)","('Phosphorus', 1452)","('Chlorophyll a', 1181)","('Chlorophyll a, uncorrected for pheophytin', 1140)","('Nitrogen', 1098)","('Pheophytin a', 758)","('Chlorophyll b', 595)","('Chlorophyll c', 595)"
ng/l,"('Mercury', 569)","('Methylmercury(1+)', 533)","('N,N-Diethyl-m-toluamide', 125)","('Atrazine', 120)","('2,4-D', 82)","('2-Hydroxyatrazine', 74)","(""2,2',3,3'-Tetrachlorobiphenyl"", 50)","(""2,2',3,3',4-Pentachlorobiphenyl"", 50)","(""2,2',3,3',4,4',5,5'-Octachlorobiphenyl"", 50)","(""2,2',3,3',4,4',5,5',6-Nonachlorobiphenyl"", 50)"
ng,"('2,3,4-Trichlorobiphenyl', 46)","(""2,2',3,3',4-Pentachlorobiphenyl"", 34)","(""2,2',3,3',4,4'-Hexachlorobiphenyl"", 34)","(""2,2',3,3',4,5',6'-Heptachlorobiphenyl"", 34)","(""2,2',3,3',6,6'-Hexachlorobiphenyl"", 34)","(""2,2',3,4,4',5,5'-Heptachlorobiphenyl"", 34)","(""2,2',3,4,4',5,5',6-Octachlorobiphenyl"", 34)","(""2,2',3,4,4',5',6-Heptachlorobiphenyl"", 34)","(""2,2',3,4,5,5'-Hexachlorobiphenyl"", 34)","(""2,2',3,4,5,5',6-Heptachlorobiphenyl"", 34)"
ng/kg,"('Decachlorobiphenyl', 484)","('1,2,3,4,6,7,8-Heptachlorodibenzo-p-dioxin', 384)","('1,2,3,4,6,7,8,9-Octachlorodibenzo-p-dioxin', 384)","('1,2,3,4,6,7,8-Heptachlorodibenzofuran', 382)","('1,2,3,4,6,7,8,9-Octachlorodibenzofuran', 382)","('1,2,3,6,7,8-Hexachlorodibenzofuran', 366)","('1,2,3,6,7,8-Hexachlorodibenzo-p-dioxin', 364)","('1,2,3,7,8,9-Hexachlorodibenzo-p-dioxin', 342)","('2,3,7,8-Tetrachlorodibenzofuran', 336)","('1,2,3,4,7,8-Hexachlorodibenzo-p-dioxin', 334)"
pg/g,"(""2,2',3,3',4,4',5,5'-Octachlorobiphenyl"", 74)","(""2,2',3,3',4,4',5,5',6-Nonachlorobiphenyl"", 74)","(""2,2',3,3',4,5,5'-Heptachlorobiphenyl"", 74)","(""2,2',3,3',4,5',6,6'-Octachlorobiphenyl"", 74)","(""2,2',3,3',5,5',6-Heptachlorobiphenyl"", 74)","(""2,2',3,4,4',5,5'-Heptachlorobiphenyl"", 74)","(""2,2',3,4,4',5',6-Heptachlorobiphenyl"", 74)","(""2,2',3,4,5,5'-Hexachlorobiphenyl"", 74)","(""2,2',3,4,5'-Pentachlorobiphenyl"", 74)","(""2,2',3,5,5',6-Hexachlorobiphenyl"", 74)"
ppt,"('Salinity', 19554)","('2,4-D', 2)","('Atrazine', 2)","('Propiconazole', 2)","('1,2,3,4,6,7,8-Heptachlorodibenzo-p-dioxin', 1)","('1,2,3,4,6,7,8-Heptachlorodibenzofuran', 1)","('1,2,3,4,6,7,8,9-Octachlorodibenzo-p-dioxin', 1)","('1,2,3,4,6,7,8,9-Octachlorodibenzofuran', 1)","('1,2,3,4,7,8-Hexachlorodibenzo-p-dioxin', 1)","('1,2,3,4,7,8-Hexachlorodibenzofuran', 1)"
umol/g,"('Acid Volatile Sulfides', 30)","('Cadmium', 30)","('Copper', 30)","('Lead', 30)","('Nickel', 30)","('Zinc', 30)","('Silver', 12)","('Mercury', 8)","('Arsenic', 6)","('Chromium', 6)"
mg/l CaCO3,"('Alkalinity, total', 12281)","('Hardness, Ca, Mg', 6473)","('Hardness, non-carbonate', 2477)","('Hardness, carbonate', 1240)","('Acidity, hydrogen ion (H+)', 189)","('Carbonate', 61)","('Gran acid neutralizing capacity', 1)"
mg/l as H,"('Acidity, hydrogen ion (H+)', 181)"
mg/l,"('Dissolved oxygen (DO)', 1706188)","('Phosphorus', 291179)","('Kjeldahl nitrogen', 170712)","('Oxygen', 133058)","('Phosphate-phosphorus', 116790)","('Inorganic nitrogen (nitrate and nitrite)', 109389)","('Hydrogen ion', 101884)","('Orthophosphate', 97842)","('Chloride', 84319)","('Alkalinity, total', 78546)"
count,"('Count', 17152)","('Number of individuals', 2964)","('Number of stalks per sample plant', 316)","('Number of pedicels per sample plant', 304)","('Non-viable seed count', 264)","('Viable seed count', 246)","('Number of seeds with worm holes', 158)","('Number of valves', 43)","('Chydoridae', 41)","('Daphnia', 41)"
years,"('Age', 223)"
#/ml,"('Cell Volume', 40476)","('Algae, blue-green (phylum cyanophyta) density', 3498)","('Count', 1797)","('Phytoplankton', 1416)","('Algae, all groups, density', 337)","('Algae, green (phylum chlorophyta) density', 319)","('Diatoms', 151)","('Keratella', 39)","('Asplanchna', 32)","('Filinia', 31)"
ppm,"('Dissolved oxygen (DO)', 7261)","('Total dissolved solids', 5728)","('Organic carbon', 454)","('Mercury', 340)","('Alkalinity, total', 1)"
pCi/L,"('Beta particle', 172)","('Potassium-40', 62)","('Tritium', 56)","('Alpha particle', 55)","('Strontium-90', 1)"
ft abv MSL,"('Altitude', 13)"
mg/l NH4,"('Ammonia and ammonium', 10357)"
mg/l as N,"('Kjeldahl nitrogen', 13678)","('Ammonia and ammonium', 10265)","('Inorganic nitrogen (nitrate and nitrite)', 9510)","('Nitrate', 2206)","('Nitrite', 1122)"
mg/kg as N,"('Kjeldahl nitrogen', 111)","('Inorganic nitrogen (nitrate and nitrite)', 93)","('Ammonia and ammonium', 81)"
mg/g,"('Phosphorus', 29)","('Calcium', 15)","('Nitrogen', 13)","('Magnesium', 4)","('Apatite inorganic phosphorus', 2)","('Exchangeable phosphorus', 2)","('Non-apatite inorganic phosphorus', 2)","('Sulfur', 2)"
PCU,"('True color', 14435)","('Apparent color', 12022)"
mm2,"('Area scanned', 829)","('Chamber area', 473)"
mg,"('Weight', 28)","('Ash Free Dry Mass', 6)"
mm/Hg,"('Barometric pressure', 4837)"
mmHg,"('Barometric pressure', 3646)"
inHg,"('Barometric pressure', 3054)"
m-1,"('Beam Attenuation (Seabird)', 302136)"
ug/m3,"('Biomass', 22967)","('relative biovolume', 112)"
ug,"('Biomass', 14715)"
g/m2,"('Biomass, periphyton', 99)"
mg/m2,"('Chlorophyll a', 30)","('Chlorophyll b', 14)","('Chlorophyll a, uncorrected for pheophytin', 6)","('Biomass, periphyton', 4)"
                                                                                                                                                                                                                                                                                                                                                                                                                                                                                                                                                                                                                                                                                                                                                                                                                                                                                                                                                                                                                                                                                                                                                                                                                                                                                                                                                                                                                                                                                                                                                                                                                                                                                                                                                                                                                                                                                                                                                                                                                                                                                                                                                                                                                                                                                                                                                                                                                                                                                                                                                                                                                                                                                                                                                                                                                                                                                                                                                                                                                                                                                                                                                                                                                                                                                                                                                                                                                                                                                                                                                                                                                                                                                                                                                                                                                                                                                                                                                                                                                                                                                                                                                                       